Workbook

Sheet Overview
A1: Model Performance Metrics
A2: Synthetic AML transaction-monitoring corpus | 100 scenario models | one model per row
A4: Model | B4: Code | C4: Typology | D4: Family | E4: Booking Entity | F4: Segment | G4: Owner | H4: Lifecycle Status
A5: Model 1 | B5: TM-STR-001 | C5: Structuring | D5: Structuring Detection Family | E5: Entity A | F5: Retail | G5: A. Kowalski | H5: Production
A6: Model 2 | B6: TM-RMF-002 | C6: Rapid Movement of Funds | D6: Rapid-Movement Family | E6: Entity B | F6: SME | G6: B. Nowak | H6: Production
A7: Model 3 | B7: TM-GEO-003 | C7: High-Risk Jurisdiction | D7: Geographic-Risk Family | E7: Entity C | F7: Corporate | G7: C. Lewandowska | H7: Production
A8: Model 4 | B8: TM-CASH-004 | C8: Cash-Intensive Business | D8: Cash-Anomaly Family | E8: Entity D | F8: Private Banking | G8: D. Wójcik | H8: Tuning
A9: Model 5 | B9: TM-TBML-005 | C9: Trade-Based ML | D9: Trade-Based Family | E9: Entity E | F9: Correspondent | G9: E. Kamiński | H9: Validation
A10: Model 6 | B10: TM-BEHAV-006 | C10: Dormant Reactivation | D10: Behavioural-Anomaly Family | E10: Entity F | F10: Retail | G10: F. Zielińska | H10: Decommissioning
A11: Model 7 | B11: TM-CRYPTO-007 | C11: Round-Amount Transactions | D11: Virtual-Asset Family | E11: Entity G | F11: SME | G11: G. Szymański | H11: Production
A12: Model 8 | B12: TM-NETWORK-008 | C12: Velocity Anomaly | D12: Network-Linkage Family | E12: Entity H | F12: Corporate | G12: H. Woźniak | H12: Production
A13: Model 9 | B13: TM-STR-009 | C13: Threshold Avoidance | D13: Structuring Detection Family | E13: Entity I | F13: Private Banking | G13: I. Dąbrowski | H13: Production
A14: Model 10 | B14: TM-RMF-010 | C14: Funnel Account | D14: Rapid-Movement Family | E14: Entity J | F14: Correspondent | G14: J. Kozłowska | H14: Tuning
A15: Model 11 | B15: TM-GEO-011 | C15: Mule Account Behaviour | D15: Geographic-Risk Family | E15: Entity A | F15: Retail | G15: A. Kowalski | H15: Validation
... A104: Model 100 | B104: TM-CASH-100 | C104: Layering via Securities | D104: Cash-Anomaly Family | E104: Entity J | F104: Correspondent | G104: J. Kozłowska | H104: Tuning

Sheet Confusion_Matrix
A1: Confusion Matrix
A2: Raw quarterly counts per model. Total Alerts = TP + FP (formula).
A4: Model | B4: True Positives | C4: False Positives | D4: False Negatives | E4: True Negatives | F4: Total Alerts | G4: Total Population
A5: Model 1 | B5: 179 | C5: 2208 | D5: 93 | E5: 23658 | F5: =B5+C5 -> 2387 | G5: =B5+C5+D5+E5 -> 26138
A6: Model 2 | B6: 225 | C6: 842 | D6: 9 | E6: 86223 | F6: =B6+C6 -> 1067 | G6: =B6+C6+D6+E6 -> 87299
A7: Model 3 | B7: 140 | C7: 2888 | D7: 5 | E7: 20892 | F7: =B7+C7 -> 3028 | G7: =B7+C7+D7+E7 -> 23925
A8: Model 4 | B8: 282 | C8: 604 | D8: 97 | E8: 36969 | F8: =B8+C8 -> 886 | G8: =B8+C8+D8+E8 -> 37952
A9: Model 5 | B9: 580 | C9: 2959 | D9: 83 | E9: 65185 | F9: =B9+C9 -> 3539 | G9: =B9+C9+D9+E9 -> 68807
A10: Model 6 | B10: 600 | C10: 2057 | D10: 115 | E10: 56678 | F10: =B10+C10 -> 2657 | G10: =B10+C10+D10+E10 -> 59450
A11: Model 7 | B11: 256 | C11: 2264 | D11: 67 | E11: 40877 | F11: =B11+C11 -> 2520 | G11: =B11+C11+D11+E11 -> 43464
A12: Model 8 | B12: 485 | C12: 1092 | D12: 72 | E12: 42359 | F12: =B12+C12 -> 1577 | G12: =B12+C12+D12+E12 -> 44008
A13: Model 9 | B13: 482 | C13: 558 | D13: 118 | E13: 77171 | F13: =B13+C13 -> 1040 | G13: =B13+C13+D13+E13 -> 78329
A14: Model 10 | B14: 347 | C14: 1904 | D14: 51 | E14: 68934 | F14: =B14+C14 -> 2251 | G14: =B14+C14+D14+E14 -> 71236
A15: Model 11 | B15: 457 | C15: 717 | D15: 14 | E15: 81127 | F15: =B15+C15 -> 1174 | G15: =B15+C15+D15+E15 -> 82315
A16: Model 12 | B16: 43 | C16: 2754 | D16: 9 | E16: 29465 | F16: =B16+C16 -> 2797 | G16: =B16+C16+D16+E16 -> 32271
... A104: Model 100 | B104: 128 | C104: 268 | D104: 48 | E104: 46980 | F104: =B104+C104 -> 396 | G104: =B104+C104+D104+E104 -> 47424

Sheet Precision_Recall_F1
A1: Precision / Recall / F1
A2: All metrics computed by formula from Confusion_Matrix sheet.
A4: Model | B4: Precision | C4: Recall | D4: F1 Score | E4: Specificity
A5: Model 1 | B5: =Confusion_Matrix!B5/(Confusion_Matrix!B5+Confusion_Matrix!C5) -> 0.074989527 | C5: =Confusion_Matrix!B5/(Confusion_Matrix!B5+Confusion_Matrix!D5) -> 0.65808824 | D5: =2*B5*C5/(B5+C5) -> 0.13463708 | E5: =Confusion_Matrix!E5/(Confusion_Matrix!E5+Confusion_Matrix!C5) -> 0.91463698
A6: Model 2 | B6: =Confusion_Matrix!B6/(Confusion_Matrix!B6+Confusion_Matrix!C6) -> 0.2108716 | C6: =Confusion_Matrix!B6/(Confusion_Matrix!B6+Confusion_Matrix!D6) -> 0.96153846 | D6: =2*B6*C6/(B6+C6) -> 0.34588778 | E6: =Confusion_Matrix!E6/(Confusion_Matrix!E6+Confusion_Matrix!C6) -> 0.99032906
A7: Model 3 | B7: =Confusion_Matrix!B7/(Confusion_Matrix!B7+Confusion_Matrix!C7) -> 0.046235139 | C7: =Confusion_Matrix!B7/(Confusion_Matrix!B7+Confusion_Matrix!D7) -> 0.96551724 | D7: =2*B7*C7/(B7+C7) -> 0.088244564 | E7: =Confusion_Matrix!E7/(Confusion_Matrix!E7+Confusion_Matrix!C7) -> 0.87855341
A8: Model 4 | B8: =Confusion_Matrix!B8/(Confusion_Matrix!B8+Confusion_Matrix!C8) -> 0.31828442 | C8: =Confusion_Matrix!B8/(Confusion_Matrix!B8+Confusion_Matrix!D8) -> 0.74406332 | D8: =2*B8*C8/(B8+C8) -> 0.4458498 | E8: =Confusion_Matrix!E8/(Confusion_Matrix!E8+Confusion_Matrix!C8) -> 0.98392463
A9: Model 5 | B9: =Confusion_Matrix!B9/(Confusion_Matrix!B9+Confusion_Matrix!C9) -> 0.1638881 | C9: =Confusion_Matrix!B9/(Confusion_Matrix!B9+Confusion_Matrix!D9) -> 0.87481146 | D9: =2*B9*C9/(B9+C9) -> 0.27605902 | E9: =Confusion_Matrix!E9/(Confusion_Matrix!E9+Confusion_Matrix!C9) -> 0.95657725
A10: Model 6 | B10: =Confusion_Matrix!B10/(Confusion_Matrix!B10+Confusion_Matrix!C10) -> 0.22581859 | C10: =Confusion_Matrix!B10/(Confusion_Matrix!B10+Confusion_Matrix!D10) -> 0.83916084 | D10: =2*B10*C10/(B10+C10) -> 0.35587189 | E10: =Confusion_Matrix!E10/(Confusion_Matrix!E10+Confusion_Matrix!C10) -> 0.96497829
A11: Model 7 | B11: =Confusion_Matrix!B11/(Confusion_Matrix!B11+Confusion_Matrix!C11) -> 0.1015873 | C11: =Confusion_Matrix!B11/(Confusion_Matrix!B11+Confusion_Matrix!D11) -> 0.79256966 | D11: =2*B11*C11/(B11+C11) -> 0.18009145 | E11: =Confusion_Matrix!E11/(Confusion_Matrix!E11+Confusion_Matrix!C11) -> 0.94752092
A12: Model 8 | B12: =Confusion_Matrix!B12/(Confusion_Matrix!B12+Confusion_Matrix!C12) -> 0.30754597 | C12: =Confusion_Matrix!B12/(Confusion_Matrix!B12+Confusion_Matrix!D12) -> 0.87073609 | D12: =2*B12*C12/(B12+C12) -> 0.45454545 | E12: =Confusion_Matrix!E12/(Confusion_Matrix!E12+Confusion_Matrix!C12) -> 0.97486824
A13: Model 9 | B13: =Confusion_Matrix!B13/(Confusion_Matrix!B13+Confusion_Matrix!C13) -> 0.46346154 | C13: =Confusion_Matrix!B13/(Confusion_Matrix!B13+Confusion_Matrix!D13) -> 0.80333333 | D13: =2*B13*C13/(B13+C13) -> 0.58780488 | E13: =Confusion_Matrix!E13/(Confusion_Matrix!E13+Confusion_Matrix!C13) -> 0.99282121
A14: Model 10 | B14: =Confusion_Matrix!B14/(Confusion_Matrix!B14+Confusion_Matrix!C14) -> 0.15415371 | C14: =Confusion_Matrix!B14/(Confusion_Matrix!B14+Confusion_Matrix!D14) -> 0.8718593 | D14: =2*B14*C14/(B14+C14) -> 0.26198565 | E14: =Confusion_Matrix!E14/(Confusion_Matrix!E14+Confusion_Matrix!C14) -> 0.97312177
A15: Model 11 | B15: =Confusion_Matrix!B15/(Confusion_Matrix!B15+Confusion_Matrix!C15) -> 0.38926746 | C15: =Confusion_Matrix!B15/(Confusion_Matrix!B15+Confusion_Matrix!D15) -> 0.97027601 | D15: =2*B15*C15/(B15+C15) -> 0.5556231 | E15: =Confusion_Matrix!E15/(Confusion_Matrix!E15+Confusion_Matrix!C15) -> 0.99123943
A16: Model 12 | B16: =Confusion_Matrix!B16/(Confusion_Matrix!B16+Confusion_Matrix!C16) -> 0.015373615 | C16: =Confusion_Matrix!B16/(Confusion_Matrix!B16+Confusion_Matrix!D16) -> 0.82692308 | D16: =2*B16*C16/(B16+C16) -> 0.03018603 | E16: =Confusion_Matrix!E16/(Confusion_Matrix!E16+Confusion_Matrix!C16) -> 0.91452249
... A104: Model 100 | B104: =Confusion_Matrix!B104/(Confusion_Matrix!B104+Confusion_Matrix!C104) -> 0.32323232 | C104: =Confusion_Matrix!B104/(Confusion_Matrix!B104+Confusion_Matrix!D104) -> 0.72727273 | D104: =2*B104*C104/(B104+C104) -> 0.44755245 | E104: =Confusion_Matrix!E104/(Confusion_Matrix!E104+Confusion_Matrix!C104) -> 0.9943278

Sheet Alert_Volumes
A1: Alert Volumes & SAR Conversion
A2: Conversion Rate = SARs / Total Alerts (formula).
A4: Model | B4: Total Alerts | C4: SARs Filed | D4: Conversion Rate | E4: Alerts / 1k Population
A5: Model 1 | B5: 2387 | C5: 130 | D5: =C5/B5 -> 0.054461667 | E5: =B5/Confusion_Matrix!G5*1000 -> 91.322978
A6: Model 2 | B6: 1067 | C6: 116 | D6: =C6/B6 -> 0.10871603 | E6: =B6/Confusion_Matrix!G6*1000 -> 12.222362
A7: Model 3 | B7: 3028 | C7: 64 | D7: =C7/B7 -> 0.021136063 | E7: =B7/Confusion_Matrix!G7*1000 -> 126.56217
A8: Model 4 | B8: 886 | C8: 126 | D8: =C8/B8 -> 0.14221219 | E8: =B8/Confusion_Matrix!G8*1000 -> 23.345278
A9: Model 5 | B9: 3539 | C9: 347 | D9: =C9/B9 -> 0.098050297 | E9: =B9/Confusion_Matrix!G9*1000 -> 51.43372
A10: Model 6 | B10: 2657 | C10: 378 | D10: =C10/B10 -> 0.14226571 | E10: =B10/Confusion_Matrix!G10*1000 -> 44.693019
A11: Model 7 | B11: 2520 | C11: 157 | D11: =C11/B11 -> 0.062301587 | E11: =B11/Confusion_Matrix!G11*1000 -> 57.979017
A12: Model 8 | B12: 1577 | C12: 387 | D12: =C12/B12 -> 0.24540266 | E12: =B12/Confusion_Matrix!G12*1000 -> 35.834394
A13: Model 9 | B13: 1040 | C13: 279 | D13: =C13/B13 -> 0.26826923 | E13: =B13/Confusion_Matrix!G13*1000 -> 13.27733
A14: Model 10 | B14: 2251 | C14: 170 | D14: =C14/B14 -> 0.07552199 | E14: =B14/Confusion_Matrix!G14*1000 -> 31.599191
A15: Model 11 | B15: 1174 | C15: 267 | D15: =C15/B15 -> 0.2274276 | E15: =B15/Confusion_Matrix!G15*1000 -> 14.262285
A16: Model 12 | B16: 2797 | C16: 33 | D16: =C16/B16 -> 0.011798355 | E16: =B16/Confusion_Matrix!G16*1000 -> 86.672244
... A104: Model 100 | B104: 396 | C104: 71 | D104: =C104/B104 -> 0.17929293 | E104: =B104/Confusion_Matrix!G104*1000 -> 8.3502024

Sheet Threshold_Settings
A1: Threshold & Sensitivity Settings
A2: Blue cells are tunable inputs (scenario parameters).
A4: Model | B4: Score Threshold | C4: Lookback (days) | D4: Min Amount ($) | E4: Sensitivity Band
A5: Model 1 | B5: 0.57 | C5: 90 | D5: 10000 | E5: Balanced
A6: Model 2 | B6: 0.78 | C6: 30 | D6: 3000 | E6: Conservative
A7: Model 3 | B7: 0.78 | C7: 60 | D7: 10000 | E7: Conservative
A8: Model 4 | B8: 0.58 | C8: 90 | D8: 5000 | E8: Balanced
A9: Model 5 | B9: 0.61 | C9: 180 | D9: 10000 | E9: Balanced
A10: Model 6 | B10: 0.47 | C10: 30 | D10: 1000 | E10: Aggressive
A11: Model 7 | B11: 0.48 | C11: 90 | D11: 5000 | E11: Aggressive
A12: Model 8 | B12: 0.78 | C12: 60 | D12: 10000 | E12: Conservative
A13: Model 9 | B13: 0.82 | C13: 60 | D13: 3000 | E13: Conservative
A14: Model 10 | B14: 0.68 | C14: 90 | D14: 1000 | E14: Balanced
A15: Model 11 | B15: 0.79 | C15: 90 | D15: 10000 | E15: Conservative
A16: Model 12 | B16: 0.83 | C16: 30 | D16: 10000 | E16: Conservative
... A104: Model 100 | B104: 0.7 | C104: 180 | D104: 1000 | E104: Conservative

Sheet Effectiveness_Summary
A1: Effectiveness Summary
A2: Composite effectiveness links F1 and conversion rate across sheets.
A4: Model | B4: F1 Score | C4: Conversion Rate | D4: Composite Effectiveness
A5: Model 1 | B5: =Precision_Recall_F1!D5 -> 0.13463708 | C5: =Alert_Volumes!D5 -> 0.054461667 | D5: =0.6*B5+0.4*C5 -> 0.10256692
A6: Model 2 | B6: =Precision_Recall_F1!D6 -> 0.34588778 | C6: =Alert_Volumes!D6 -> 0.10871603 | D6: =0.6*B6+0.4*C6 -> 0.25101908
A7: Model 3 | B7: =Precision_Recall_F1!D7 -> 0.088244564 | C7: =Alert_Volumes!D7 -> 0.021136063 | D7: =0.6*B7+0.4*C7 -> 0.061401163
A8: Model 4 | B8: =Precision_Recall_F1!D8 -> 0.4458498 | C8: =Alert_Volumes!D8 -> 0.14221219 | D8: =0.6*B8+0.4*C8 -> 0.32439476
A9: Model 5 | B9: =Precision_Recall_F1!D9 -> 0.27605902 | C9: =Alert_Volumes!D9 -> 0.098050297 | D9: =0.6*B9+0.4*C9 -> 0.20485553
A10: Model 6 | B10: =Precision_Recall_F1!D10 -> 0.35587189 | C10: =Alert_Volumes!D10 -> 0.14226571 | D10: =0.6*B10+0.4*C10 -> 0.27042942
A11: Model 7 | B11: =Precision_Recall_F1!D11 -> 0.18009145 | C11: =Alert_Volumes!D11 -> 0.062301587 | D11: =0.6*B11+0.4*C11 -> 0.13297551
A12: Model 8 | B12: =Precision_Recall_F1!D12 -> 0.45454545 | C12: =Alert_Volumes!D12 -> 0.24540266 | D12: =0.6*B12+0.4*C12 -> 0.37088834
A13: Model 9 | B13: =Precision_Recall_F1!D13 -> 0.58780488 | C13: =Alert_Volumes!D13 -> 0.26826923 | D13: =0.6*B13+0.4*C13 -> 0.45999062
A14: Model 10 | B14: =Precision_Recall_F1!D14 -> 0.26198565 | C14: =Alert_Volumes!D14 -> 0.07552199 | D14: =0.6*B14+0.4*C14 -> 0.18740019
A15: Model 11 | B15: =Precision_Recall_F1!D15 -> 0.5556231 | C15: =Alert_Volumes!D15 -> 0.2274276 | D15: =0.6*B15+0.4*C15 -> 0.4243449
A16: Model 12 | B16: =Precision_Recall_F1!D16 -> 0.03018603 | C16: =Alert_Volumes!D16 -> 0.011798355 | D16: =0.6*B16+0.4*C16 -> 0.02283096
... A104: Model 100 | B104: =Precision_Recall_F1!D104 -> 0.44755245 | C104: =Alert_Volumes!D104 -> 0.17929293 | D104: =0.6*B104+0.4*C104 -> 0.34024864
